"spec","selection_RMSFE"
"cat2",0.0140233971246283
"selected10",0.014664172202502
"cat3",0.0243233228878147
